MOLECULE,Model,rsq_train,rsq_test,RMSE,MAE,STD
ARN,LinearRegression,0.9876466882911134,-8.889066339719946e+19,179675022158.523,179675022158.52298,18.784331730019332
ARN,RandomForest,0.9996449677773627,0.787229923106209,8.790526928442157,5.389838484848486,18.64481118819838
ARN,GradientBoosting,0.9599691222543083,0.7522211240676655,9.486188987847932,7.81400165458793,15.828576375970224
ARN,MLP,0.9812948471884169,0.8029346289590424,8.459891459656513,4.72540113250152,18.299675992398594
ARN,RandomForestOpt1,0.9996596350785774,0.7897318958086319,8.738689993003812,5.923394545454548,18.05628470393593
CPN,LinearRegression,0.9873444241036131,-425.8635213154288,372.7777729787108,372.77431196732954,17.823759785914636
CPN,RandomForest,0.9996194949898924,0.9976087586418213,0.8823018602530854,0.6643157575757552,17.936915811420196
CPN,GradientBoosting,0.9573964839360379,0.9307189775817878,4.749114410161398,3.488340652763334,15.782224929586539
CPN,MLP,0.982789503668149,0.9767315378403074,2.752259178571307,2.154783769294867,17.329491884667913
CPN,RandomForestOpt1,0.9996342089902046,0.997649469931696,0.8747589481491452,0.6646733333333321,17.928925231239635
CYN,LinearRegression,0.9873925358378828,-2612.0423708027233,986.1351369898453,986.1331754446319,19.13301806200365
CYN,RandomForest,0.9996137482419641,0.9962127282248324,1.1872069849019582,0.8008245454545457,19.1963160243399
CYN,GradientBoosting,0.9570606516061306,0.9454975987399649,4.503716304335123,3.5305669690986536,16.790586178934607
CYN,MLP,0.9827221261190457,0.8995104736560325,6.11538223159269,5.625219251111402,18.403356800720744
CYN,RandomForestOpt1,0.999630849664035,0.9961581560018516,1.1957298483375725,0.8033203030303037,19.21856452726053
DEL,LinearRegression,0.9874495316098957,-9.476334818273225,63.80179325581316,63.767600576689745,18.904807721505843
DEL,RandomForest,0.9996256887228,0.9925974662139038,1.6959709135048715,1.223120000000001,19.431769091143433
DEL,GradientBoosting,0.9578658226031135,0.9293496029952275,5.23944763085561,4.282450208152661,16.62917550108498
DEL,MLP,0.9797626047971204,0.9663619343081492,3.615294727041527,3.147000101361278,18.35355136967254
DEL,RandomForestOpt1,0.9996416557460672,0.9927051896306924,1.68358560561809,1.2049512121212083,19.393641344852643
EUR,LinearRegression,0.9876467899558872,-10.828432403816828,63.238726418535315,63.19582282624421,18.347274426945816
EUR,RandomForest,0.9996194824202725,0.9980326253732202,0.8155733981548049,0.5927177777777773,18.43462368876673
EUR,GradientBoosting,0.9579637109125605,0.9246555448657305,5.047137855960037,3.8107213534601634,16.144916307238834
EUR,MLP,0.9845037426978915,0.9713862084246456,3.110335401628654,2.47031396170208,18.064583055826663
EUR,RandomForestOpt1,0.9996429432226764,0.9980035131118875,0.8215854698893666,0.5994514814814775,18.445015710372665
HIR,LinearRegression,0.9872798030763823,-5.393984056889277,45.41807100127003,45.387399946732955,17.949745366031763
HIR,RandomForest,0.9996294723315939,0.9875848145485684,2.0013337348181617,1.4337969696969708,18.221389555970863
HIR,GradientBoosting,0.9579229368094,0.9319056235722974,4.687038641180616,3.856084610794892,15.943912932197607
HIR,MLP,0.9816016574389239,0.9611788479618485,3.538971946220774,3.0638681815062387,17.419543356570248
HIR,RandomForestOpt1,0.9996435458282916,0.9875143329035976,2.007006532183927,1.4428072727272705,18.215648882962665
MAL,LinearRegression,0.9871746045954771,-3.6754574235472965,40.74582027867742,40.71655890077533,18.242310157835067
MAL,RandomForest,0.9996173663746845,0.997474012337277,0.9470799107591908,0.7563784848484858,18.588892387791994
MAL,GradientBoosting,0.9579827448350801,0.9320308896055882,4.912774214273308,3.789438423820433,16.340738573205485
MAL,MLP,0.9855591174042415,0.9707247616136023,3.2241944949151162,2.172165978531139,17.912846247906632
MAL,RandomForestOpt1,0.9996339349241593,0.997494166007675,0.9432941913926703,0.7526414141414141,18.58885638975047
P1,LinearRegression,0.9875777734813789,-4230.905773511955,906.367290853022,906.367056315104,13.918158058406254
P1,RandomForest,0.9996311924241584,0.8960722104601535,4.491610358843107,4.466570000000004,13.829095633228844
P1,GradientBoosting,0.9573330602369585,0.6860025899815787,7.807271144091723,7.7117284940920525,13.378072738971793
P1,MLP,0.9867638086425502,0.9027991336050194,4.343814769328515,4.111786037801514,13.700198967319563
P1,RandomForestOpt1,0.9996523824435682,0.8938423837708755,4.539539595813978,4.525136666666664,13.751376176181083
P10,LinearRegression,0.9874928928402871,-14.206648829467861,54.37805906629439,54.363921549479166,13.917786656850769
P10,RandomForest,0.999631824359246,0.8947205013354361,4.524586004487041,4.327306666666669,13.1816517572369
P10,GradientBoosting,0.9570196148123602,0.9125068800658207,4.124714519092727,3.9071175605939503,13.143005352009562
P10,MLP,0.9825392867765103,0.9680235317459218,2.493573599314704,2.1948884397421193,14.102425538801313
P10,RandomForestOpt1,0.9996536390347599,0.8949793331556328,4.51902068773591,4.313709999999992,13.156726875923237
P11,LinearRegression,0.9875013361186784,-2.035420118013128,24.305463080300463,24.29278287760416,13.917709335630537
P11,RandomForest,0.9996306690689959,0.947902355280335,3.184223481583333,3.056533333333335,14.371902396559138
P11,GradientBoosting,0.9579583887464297,0.8107319916601772,6.06922309608542,5.924540885150719,13.229418407594293
P11,MLP,0.984592058315621,0.952667769607465,3.0350998321523313,2.669822045054822,13.945162073972746
P11,RandomForestOpt1,0.9996521864812169,0.9451533138589385,3.267154648739141,3.1664322222222228,14.232567156925917
P12,LinearRegression,0.9874887211143435,-25.835433507732397,72.29246343926638,72.2876297200521,13.917647384525159
P12,RandomForest,0.9996429004825076,0.8849111369219309,4.734295549005506,4.678700000000002,13.847152518751122
P12,GradientBoosting,0.9569495642690162,0.9553011248401401,2.950441536775988,2.4483132348146786,12.82672943428028
P12,MLP,0.9842220520943621,0.991264294635228,1.3043306665808019,1.0024479672066362,14.083673621580989
P12,RandomForestOpt1,0.9996614078114676,0.8876904826863917,4.6767806020491935,4.627862222222215,13.804363320019204
P13,LinearRegression,0.9877764964654075,-1.6958662889458873,23.13847093701926,22.822282604641387,14.013982333596477
P13,RandomForest,0.9996215847750364,0.6640343775311492,8.168322992845255,7.219701111111112,13.55300129756464
P13,GradientBoosting,0.9582136888317265,0.4529773981574615,10.422889113328566,10.12248913385035,13.15105717034871
P13,MLP,0.9809308724434767,0.8653006014114127,5.172116639368247,3.9777560822694094,14.66619662882236
P13,RandomForestOpt1,0.9996475561650775,0.64666366272521,8.3768286781506,7.544887407407402,13.586293222549434
P14,LinearRegression,0.9874996738479155,0.6568118699751941,8.168231643445663,8.137835286458333,13.916716019786575
P14,RandomForest,0.9996288863183934,0.6145900409277858,8.65612227611186,8.57869,14.165419361898737
P14,GradientBoosting,0.9577802268595506,0.715884521199589,7.432062681058067,7.351839521445355,13.452657474125509
P14,MLP,0.9846211973209177,0.09188180303165461,13.287188780447027,13.009036866730774,13.503958990830002
P14,RandomForestOpt1,0.9996480921579598,0.6252322073651533,8.535776728311996,8.458292222222225,14.27328981343639
P15,LinearRegression,0.9876046962462558,-343.0286491731542,264.22528807850614,264.2156770833333,13.964395438113508
P15,RandomForest,0.9996283596187934,0.9679361488410665,2.550849975139005,2.314143333333333,13.453797499274655
P15,GradientBoosting,0.9565305362158001,0.9034199238916839,4.427115439858129,3.4266869129747586,13.183134284809004
P15,MLP,0.9845425537875587,0.9479513193782163,3.249989347733035,2.724576855527666,13.532802717052636
P15,RandomForestOpt1,0.999651564828501,0.9690511352031503,2.506106003374195,2.2972277777777856,13.498782304839596
P16,LinearRegression,0.988129344111522,0.7258477496273598,7.666845256269518,6.382952690972223,14.003735977206484
P16,RandomForest,0.9996200492669793,0.913116749049505,4.31607339800889,2.9553455555555557,14.2470460329948
P16,GradientBoosting,0.9571884125563979,0.8888739408507661,4.881224100006558,3.7576586927400304,13.310405730176983
P16,MLP,0.9862311227497067,0.719415227106776,7.7562685848697415,6.20077649414102,14.347863367742903
P16,RandomForestOpt1,0.9996489991787147,0.9204784392723343,4.129174510535585,2.8701692592592605,14.272937653793411
P16anA,LinearRegression,0.9878238939506337,-1.7090557866176831e+19,58792875728.641235,58792875728.64122,14.02013592675166
P16anA,RandomForest,0.9996393176172806,0.07256866689706953,13.69580191005826,11.728199999999998,14.529240367806947
P16anA,GradientBoosting,0.9580565645119833,0.6512125159220054,8.398989336862106,7.489405907736634,13.281831147931964
P16anA,MLP,0.9835974299734098,0.6116277012106479,8.862795052448293,7.777329164734203,13.701663307046372
P16anA,RandomForestOpt1,0.9996620824126667,0.08105830458857144,13.632972617980458,11.663540370370379,14.571137727967402
P16anB,LinearRegression,0.9875865294805721,0.8245775165342459,6.13074995129667,4.827944519042969,13.954891807919813
P16anB,RandomForest,0.9996353755728073,-0.9268983487046583,20.318908663524887,19.888856666666666,14.027006050096919
P16anB,GradientBoosting,0.9565431903366787,0.5368082887230501,9.962110747590204,8.877723815380426,13.225273287495853
P16anB,MLP,0.9849935891074344,0.7383480195922542,7.487433684976645,6.484114842369143,14.532460836504347
P16anB,RandomForestOpt1,0.9996578743801652,-0.8161239699561189,19.72621312804548,19.346715555555555,14.455508103075845
P16anC,LinearRegression,0.9884126322337293,-3674.4643995322067,967.1437132760252,967.1145576171874,13.94461440346954
P16anC,RandomForest,0.9996697910984992,0.4676921638321714,11.639017806298488,9.865436666666662,14.195939850210301
P16anC,GradientBoosting,0.9575264694434498,0.5178342755120426,11.077278384562435,9.227323376217319,13.260038763884342
P16anC,MLP,0.983731459272515,0.7671967462073769,7.697140708995219,5.881746528638013,13.737744585442265
P16anC,RandomForestOpt1,0.99969606204448,0.46371147776663546,11.682455998436618,9.897303333333337,14.126578025697444
P17,LinearRegression,0.987496208634047,0.9125680667233963,4.125298041184148,3.7394072265624994,13.986031003169325
P17,RandomForest,0.9996383164082625,0.9814879766739955,1.89822301297819,1.5778066666666672,14.044957466675834
P17,GradientBoosting,0.9566521312558749,0.9764675840492371,2.140195999466257,1.699491722746265,13.597227720114772
P17,MLP,0.9788518658259255,0.6700446406496492,8.01397315365805,7.724749819017661,13.92432031001131
P17,RandomForestOpt1,0.9996550914146973,0.9816944086401692,1.887609574091983,1.5676727777777775,14.002872523273766
P17anA,LinearRegression,0.9879043810680893,-4440.29688296811,971.985007145287,971.9728202311197,13.976503459972003
P17anA,RandomForest,0.9996390899166558,0.6109002291880761,9.09777414197194,6.883912222222218,15.224191562960238
P17anA,GradientBoosting,0.9578817667519003,0.8673006055074721,5.31299165881122,4.441829928564693,13.31615121718123
P17anA,MLP,0.9818722555487088,0.8047098409990587,6.445325323972965,5.207671135811415,14.143487639233959
P17anA,RandomForestOpt1,0.9996602421052726,0.5940040857392355,9.293204521081757,7.022614444444454,15.207465694390386
P17anB,LinearRegression,0.9877799053516714,0.8372473973751144,5.718388001794088,4.995181206597223,14.01113817194559
P17anB,RandomForest,0.9996364776287331,0.691724857835406,7.87007555692235,6.623505555555557,13.688874350317006
P17anB,GradientBoosting,0.9569690110727949,0.7925892188821451,6.455432019180609,5.452362316702309,13.251592704355586
P17anB,MLP,0.9779991734071358,0.48496689578757346,10.172488809919704,9.008759889287296,14.546865808237184
P17anB,RandomForestOpt1,0.9996592452772745,0.7064818018063298,7.67939779715269,6.480837777777773,13.829956617010222
P18,LinearRegression,0.9874603171114036,-487522243475516.6,307541632.9271646,307541632.9271646,13.919560687844909
P18,RandomForest,0.9996323841089654,0.9835975149611446,1.7838631057342926,1.542973333333333,14.46083505124406
P18,GradientBoosting,0.9568187892407903,0.8992397463789873,4.421313641909608,4.282412333897296,13.251075407772817
P18,MLP,0.9858140648944168,0.7160872571351575,7.421627297487514,7.287003998856201,13.78466713465981
P18,RandomForestOpt1,0.9996545448353585,0.9843986330529867,1.7397547226868402,1.5585333333333387,14.302890245199492
P18an,LinearRegression,0.9882835857060548,-2957548048291161.0,844307315.658053,844307315.6580529,13.940651494272533
P18an,RandomForest,0.9996678600096742,0.3456013437841836,12.559022754405161,10.449529999999996,14.425028089668999
P18an,GradientBoosting,0.9579764271694411,0.5449844479436896,10.472437284971626,8.724138762683816,13.23787237221319
P18an,MLP,0.9830150619772268,0.6882667083546381,8.668146456872854,7.3860688742998315,13.506679354728371
P18an,RandomForestOpt1,0.9996894782605069,0.35124727820055834,12.504727851067349,10.399754814814818,14.50280496124158
P19,LinearRegression,0.9876281018617493,-10.19967368723932,46.66616305389718,46.66066267903645,13.917361883350994
P19,RandomForest,0.9996310084467003,0.9861489407191998,1.6411221363242057,1.344996666666663,14.558393940648886
P19,GradientBoosting,0.9568809106756608,0.9533676384590467,3.0112243539788546,2.7915206129289913,13.340573731478981
P19,MLP,0.9866474497251844,0.9380529869830356,3.470640214257812,2.7716138198691835,14.459189774143345
P19,RandomForestOpt1,0.9996548413030002,0.9867598527676871,1.6045225194338633,1.3129944444444528,14.48755332405868
P19an,LinearRegression,0.9882014332928565,-7.845138913716614,44.504825212280274,44.12401052517362,13.967975538130649
P19an,RandomForest,0.9996525536650477,0.3404090524311105,12.153241111494129,10.754721111111108,14.005273627962787
P19an,GradientBoosting,0.9574554482030662,0.6720579568820622,8.569457313333224,6.486250235500579,13.140292348447467
P19an,MLP,0.9815099673579168,0.7384803875970576,7.6525628077647045,6.526567341286045,13.181588606858236
P19an,RandomForestOpt1,0.9996702622566059,0.34929777297011777,12.071074139243928,10.666192222222222,13.976939772623934
P2,LinearRegression,0.9874880160152816,0.9542468749272539,2.980479451740562,2.9100416666666664,13.916130967175503
P2,RandomForest,0.9996315393828199,0.919636086469383,3.950083619958779,3.9362799999999973,13.890784286538878
P2,GradientBoosting,0.9567121792820971,0.887173118473673,4.680390000814454,4.552810215342381,13.333752957734538
P2,MLP,0.9870522280210776,0.9784694974741515,2.044574000012468,1.7919597341185711,13.716953352230984
P2,RandomForestOpt1,0.99965503326981,0.9221183783596028,3.8885997454477375,3.8742422222222115,13.810957765328894
P20,LinearRegression,0.987595013037099,-4.828260012968647e+18,31499513230.993195,31499513230.9932,13.91672812846121
P20,RandomForest,0.9996337559641114,0.7647279852102601,6.953343005969622,6.363879999999998,13.838568085119539
P20,GradientBoosting,0.9577493433077586,0.5855372443608453,9.228928317442255,8.489671530934793,12.895714573081365
P20,MLP,0.9884774736282673,0.743796589256716,7.256061770732476,6.488297473578905,13.883610285812487
P20,RandomForestOpt1,0.9996531301253486,0.7472929817115406,7.206380169891118,6.598409999999997,13.803336312420608
P21,LinearRegression,0.9876864059673045,-1.2410715822111849,20.870899905722432,20.85887345377604,13.917688778399995
P21,RandomForest,0.9996362131739643,0.9975587618993615,0.688840035857383,0.6138966666666674,13.96733223778853
P21,GradientBoosting,0.9564661831629236,0.9692856998285265,2.443338414766628,2.16856843127202,12.985785767270903
P21,MLP,0.986992029832034,0.8597306310474985,5.221493389984225,5.063756676475261,13.287199576661497
P21,RandomForestOpt1,0.999654778281857,0.9976254535034972,0.6793657526611705,0.6135433333333266,13.950177683476108
P22,LinearRegression,0.9876904595238114,-1.243933022617028,20.86861887770803,20.848294108072917,13.917706497605323
P22,RandomForest,0.9996358301486336,0.9971545229303314,0.7431325902331786,0.5851066666666694,14.223523934706046
P22,GradientBoosting,0.9565000435220412,0.9709147178415372,2.375884932639553,2.0673559006493867,12.98577585845958
P22,MLP,0.9881723681259958,0.9647906820567507,2.6140721416324597,2.2938124057812077,13.712459746082732
P22,RandomForestOpt1,0.9996540304573359,0.997524393680148,0.6931537131647519,0.5332666666666711,14.17111265147136
P23,LinearRegression,0.9875085925802446,0.8611265269797637,5.19079727428602,5.145357126871746,13.917775532820421
P23,RandomForest,0.9996332756261695,0.8586457106717159,5.236955882476001,4.984843333333331,14.634717697440871
P23,GradientBoosting,0.9572470557527661,0.9841983317317464,1.7509586483964008,1.4685964389574266,13.028778037287708
P23,MLP,0.9879350988919302,0.9955019672141127,0.9341911052147429,0.7344972610999659,13.885244752725976
P23,RandomForestOpt1,0.9996531593848441,0.8450432546936161,5.483144137894429,5.231123333333343,14.685057674518584
P24,LinearRegression,0.9875260774792404,0.8989409213058674,4.429933848847501,4.381005798339843,13.917735378717376
P24,RandomForest,0.9996389264584166,0.9632802064362672,2.6702977461948594,2.64106666666667,13.81737275976234
P24,GradientBoosting,0.9578749370079785,0.9814848121009917,1.8961541269247169,1.5809804831599268,13.110204741401851
P24,MLP,0.988336053124374,0.9940950172770904,1.070825955376543,0.7988307394067538,13.540662306195221
P24,RandomForestOpt1,0.9996545697675506,0.9629596805932669,2.681926893333431,2.6526066666666512,13.829394852504356
P25,LinearRegression,0.9876034485495863,0.11672002252501479,13.090669042469013,13.07127983601888,13.917801095408159
P25,RandomForest,0.9996336007883078,0.9603467433867181,2.773652700922256,2.759879999999998,13.900403348018363
P25,GradientBoosting,0.9569232667731743,0.9596970393021897,2.79628302192083,2.560271434917037,13.087384262418698
P25,MLP,0.9881235448956824,0.9888454681601749,1.471086886186532,1.282114651732041,13.833851456706412
P25,RandomForestOpt1,0.9996525318778355,0.9608022584861262,2.7576755755124327,2.744264444444454,13.918736698057298
P26,LinearRegression,0.98758855272197,0.9136287204644356,4.198935661760268,3.173579264322916,13.917253759389244
P26,RandomForest,0.9996297595545273,0.9467516717299316,3.2969133440740186,2.7827033333333318,15.790179196633233
P26,GradientBoosting,0.9577239854692079,0.4471919369736854,10.622866604610005,10.079164415954631,13.166908963083252
P26,MLP,0.9872843356867607,0.6162919315555677,8.850239209194678,8.16274570045857,13.557383096615146
P26,RandomForestOpt1,0.9996489919955686,0.9471680870083551,3.2839966971495023,2.7496688888888867,15.739135999042349
P26an,LinearRegression,0.9878049489227634,0.8287603197739696,6.237130428770466,5.976829264322917,13.916667876372623
P26an,RandomForest,0.999649392722099,-0.029570713601597687,15.293634685526309,13.962710000000003,13.587295054785148
P26an,GradientBoosting,0.958505956770904,-1.3611199039083504,23.160164674981832,22.490285256690402,14.384908268203187
P26an,MLP,0.9869038820259719,-0.377192627324187,17.68805037494702,15.899403052555632,13.600493766232772
P26an,RandomForestOpt1,0.999666796645784,0.07348484107206743,14.508044751642677,13.22300777777778,13.587571401374785
P27,LinearRegression,0.9876646902985681,-0.20461094132707203,15.291189706059049,15.27685215759277,13.92592243898573
P27,RandomForest,0.9996376160023436,0.9962785012393698,0.8499175828671107,0.7255500000000036,13.973179583119231
P27,GradientBoosting,0.9567302372776868,0.9944313291987029,1.0396655341479872,0.8357074236853269,13.465546602171313
P27,MLP,0.9881205322017662,0.8597796717434972,5.217030362649392,4.964144579177813,13.346276295965728
P27,RandomForestOpt1,0.9996558000261528,0.9963734000842813,0.8390110837567377,0.6997399999999987,13.995075844290117
P27an,LinearRegression,0.9875976141839321,0.5078273415800401,9.855287736645108,9.581956217447916,13.927036721353323
P27an,RandomForest,0.9996401408526392,0.9808064753274451,1.946202088684525,1.6292400000000014,13.878666682447877
P27an,GradientBoosting,0.9567415925180394,0.8980739794402328,4.4849034798143945,3.980958394368261,13.62672546462595
P27an,MLP,0.987297011103035,0.6876555203179489,7.851045314422477,7.6736661273794455,13.490981917302614
P27an,RandomForestOpt1,0.999654389601732,0.98240881324111,1.8631942546784201,1.5284466666666685,13.812873662219765
P28,LinearRegression,0.9876235199687012,-0.504435313821813,17.08757603708726,17.06025537109375,13.9176618601404
P28,RandomForest,0.9996415753585483,0.9928663787501507,1.176653861025691,1.092173333333333,14.08987547150396
P28,GradientBoosting,0.9567669698271728,0.9642018297648026,2.6358707757341246,2.3312759368220513,13.134299913604567
P28,MLP,0.9881619932160534,0.8019188342957966,6.200336961158307,6.113412536804905,14.45953960656914
P28,RandomForestOpt1,0.9996580660548492,0.9945853960150641,1.0251255309400873,0.8868344444444509,14.160277710379251
P28an,LinearRegression,0.9878096255473333,0.06323522219325006,14.006548675301728,13.309140787760418,13.918942130575173
P28an,RandomForest,0.9996374434378292,0.8870270180391485,4.864107387315101,3.9520199999999988,13.916257224467914
P28an,GradientBoosting,0.9571403192781281,0.6536344754841339,8.516932148414874,7.460040599976222,13.358159123835327
P28an,MLP,0.986644357860849,0.9315488247409928,3.786224077231133,3.200859038636339,14.289890906304022
P28an,RandomForestOpt1,0.9996553422213379,0.8916086688357194,4.7644539460000574,3.88813555555555,13.92952970313069
P29,LinearRegression,0.9874991815631337,0.9947274021090118,1.0113856490591997,0.7386662597656247,13.917852748126222
P29,RandomForest,0.9996373764026916,0.9975187226876373,0.6938124895579958,0.5257133333333318,14.214498650320223
P29,GradientBoosting,0.9565459029853075,0.9886056031595255,1.4867917123736758,1.2101816050728689,12.94370430276674
P29,MLP,0.9872477580291257,0.9822269719537043,1.856885711008003,1.6804815213396092,13.729822843906257
P29,RandomForestOpt1,0.99965417680206,0.9979210264768605,0.6350807373869793,0.4651922222222214,14.237226960311935
P29an,LinearRegression,0.9875831474929205,0.9466037751768921,3.278269683625003,2.649518229166668,13.918141731060176
P29an,RandomForest,0.9996364246399458,0.9076085722129719,4.3122630021447765,3.9029499999999993,13.678693145320324
P29an,GradientBoosting,0.9570281348561921,0.8588799792473285,5.329466256886128,4.65039766059372,13.188908848470103
P29an,MLP,0.9868448299802055,0.9536200951737603,3.0553032890349905,2.790444381737367,13.964580473051857
P29an,RandomForestOpt1,0.999655203571734,0.9022439583665043,4.435690185366379,4.018812222222226,13.758646341231126
P3,LinearRegression,0.9874993469435148,0.9539137362903137,2.9909629654371903,2.917914916992187,13.917737328322367
P3,RandomForest,0.9996332671850163,0.9861009716925677,1.6425458639969042,1.6101266666666683,14.077128298743638
P3,GradientBoosting,0.956757333862264,0.9235092949314773,3.8532715624253857,3.703988386900976,13.476724686528883
P3,MLP,0.986940337415411,0.9636247736378329,2.6572238241122,2.4326739787518545,13.904802502916425
P3,RandomForestOpt1,0.9996558276238188,0.9870591184014772,1.5849195304844677,1.5297077777777737,14.239478922950866
P30,LinearRegression,0.9875216752736529,0.934665116234188,3.5614834828479345,3.5002768147786463,13.917120563306185
P30,RandomForest,0.9996305823313254,0.9736186309625352,2.263117160246016,2.2116566666666655,13.9330249614524
P30,GradientBoosting,0.9563365048906557,0.946574975155002,3.2205551423722514,2.942899872034216,13.04373020087847
P30,MLP,0.9877679045883684,0.9861410869054862,1.64029876860672,1.4504075287580627,14.040769005680481
P30,RandomForestOpt1,0.9996526806811564,0.9747377145634104,2.21459692264253,2.166535555555555,13.983659448190178
P30an,LinearRegression,0.9876101518255472,0.8637851587070264,5.1629232073550915,4.841885325113932,13.917936877914645
P30an,RandomForest,0.9996452900376804,0.8185903686467759,5.958180029169978,5.680779999999998,14.165601575116156
P30an,GradientBoosting,0.9569099536416625,0.9762483390652011,2.1559090894644104,1.626795332906575,13.244474838614039
P30an,MLP,0.9854522847137864,0.9833638317035829,1.8043056275793716,1.5131263647749242,13.920464988539733
P30an,RandomForestOpt1,0.9996636280982268,0.824113865444402,5.8667725778318704,5.5909822222222205,14.135099191717192
P31,LinearRegression,0.9875081115371905,0.8606893164135261,5.198735480895636,5.154792480468749,13.917708292112994
P31,RandomForest,0.9996352321351043,0.9969218041654252,0.7727760108854298,0.6141833333333325,13.931058651557034
P31,GradientBoosting,0.9573717238913793,0.9914540012501496,1.2876176504965398,1.0091046311817597,13.056705962771053
P31,MLP,0.9870041615414136,0.9806255985336076,1.9387403814639796,1.750025097205796,13.71660701759312
P31,RandomForestOpt1,0.9996557634308331,0.9974368926195665,0.7051620139030704,0.5608933333333297,14.164937406191147
P31an,LinearRegression,0.987862289214935,0.5982765557842322,9.16554585200708,8.079079752604168,13.918874124545829
P31an,RandomForest,0.9996460666550323,0.7614389755102708,7.063085950678123,6.282526666666666,13.894902860735979
P31an,GradientBoosting,0.9567101052284462,0.6887348397930824,8.067890628582024,7.04276343671522,12.8874099042818
P31an,MLP,0.9862953935392909,0.95912292733741,2.923712329123239,2.4857311405481557,13.78800271213001
P31an,RandomForestOpt1,0.9996654319302181,0.761785869005178,7.057948837616175,6.278014444444449,13.909135706731478
P32,LinearRegression,0.9874940496077581,0.7750541125226272,6.607003870427538,6.575165893554687,13.923156068439322
P32,RandomForest,0.9996424910578633,0.8940053657626389,4.535315170378641,4.49851333333333,13.466564648460103
P32,GradientBoosting,0.9573432271548583,0.9704089139348003,2.3963264695176947,2.203171062289807,13.051857787136655
P32,MLP,0.9870542153627051,0.9514993120429837,3.0678878667165295,2.764233831266471,13.413642793018667
P32,RandomForestOpt1,0.999658520440351,0.8924178153524055,4.569153117060982,4.538732222222214,13.482085348256227
P33,LinearRegression,0.9875237809877284,0.7743057652840957,6.619836739668271,6.5876888631184904,13.923466251253924
P33,RandomForest,0.9996371093758828,0.916110653197351,4.035900517728359,4.026863333333337,13.901760078784996
P33,GradientBoosting,0.9570949788297678,0.9644765629614943,2.6263012215715147,2.3404186372295084,12.888549678674927
P33,MLP,0.9862921895437188,0.9004063544958311,4.397469753177896,4.29331073956497,13.531945326704918
P33,RandomForestOpt1,0.9996540035125104,0.9164946769857067,4.026652265854496,4.018063333333338,13.818949641363647
P34,LinearRegression,0.9875444791294877,0.25580910342564267,12.040563869860193,12.011804036458336,13.918860115445892
P34,RandomForest,0.9996423860045317,0.9108830741471717,4.166628187995666,4.118796666666671,13.96729779974518
P34,GradientBoosting,0.9571477989406721,0.9606257491190122,2.769560147348275,2.3438472049041836,13.04917861366811
P34,MLP,0.9870695538235845,0.9443837092958515,3.2915894330545363,2.9208505666832383,13.664701741883931
P34,RandomForestOpt1,0.999660762865754,0.9147244137374818,4.075838864318472,4.021247777777779,13.996591285784897
P35,LinearRegression,0.9874899296855809,0.9916335732761502,1.2740294000367853,1.0911136067708331,13.917261846645903
P35,RandomForest,0.999636944704689,0.9933177015021074,1.138603147574548,0.9785033333333343,13.565273108280328
P35,GradientBoosting,0.9574766811814239,0.9839910864483752,1.7623427406605177,1.3917791936744563,13.014924370493505
P35,MLP,0.9879649389712243,0.9627165355598274,2.6894753902956268,2.269585139378859,12.84864372172054
P35,RandomForestOpt1,0.9996582512956457,0.9928330056845757,1.1791742158847502,1.0008688888888952,13.507076695631959
P36,LinearRegression,0.9875045598480097,0.957609712699745,2.868792497703593,2.793587870279948,13.917718569313523
P36,RandomForest,0.9996343883610027,0.8456303026388273,5.474531800437369,5.464420000000001,13.847004095384678
P36,GradientBoosting,0.9578010414652569,0.9233603595022543,3.8573823228226973,3.6661208030164185,13.073446471072245
P36,MLP,0.986927773176151,0.9225704403712661,3.8772102403503843,3.818096338439063,14.047785794359017
P36,RandomForestOpt1,0.9996547316188964,0.8488541965815817,5.417064456484128,5.406286666666664,13.812654656396033
P37,LinearRegression,0.9874961788634008,0.7240674986438558,7.330583058387677,7.286019856770834,13.916710873169437
P37,RandomForest,0.9996346937205486,0.9096458800245059,4.194798171942641,4.152279999999998,13.892751271813978
P37,GradientBoosting,0.9569254945991464,0.9506215231950071,3.101029762009798,2.76216137640286,13.338689110014979
P37,MLP,0.986095903954913,0.9775879876130151,2.089187971925815,1.9067184837129032,13.909085303901472
P37,RandomForestOpt1,0.9996551965374323,0.9107682156669688,4.168663873597513,4.1291377777777765,13.926277322286808
P38,LinearRegression,0.987593207254745,-0.7787800966230025,18.59988049622091,18.585350260416668,13.9165900386292
P38,RandomForest,0.9996349061109823,0.9996511061751056,0.26049276445485586,0.2063766666666664,13.87316710602842
P38,GradientBoosting,0.9567602811807873,0.933453141625921,3.597599399105837,3.282607049207863,12.891640452941607
P38,MLP,0.9865982847857355,0.9943951334075147,1.044074919068869,0.8441380281618446,14.465066075946467
P38,RandomForestOpt1,0.9996542396079766,0.9996999528483876,0.2415704327934353,0.1881244444444537,13.831642577022013
P39,LinearRegression,0.9876224487300157,0.29962416209469966,11.675785433450484,11.649318033854167,13.91776168265219
P39,RandomForest,0.9996347071487719,0.9984671234245327,0.546228205057191,0.510466666666668,13.852683017827266
P39,GradientBoosting,0.9567614574732443,0.9513387521718573,3.07759982441086,2.7268886313901293,13.22046879107488
P39,MLP,0.9863766087614387,0.9838784089470786,1.7714319686866735,1.6064438890777122,14.434042900530835
P39,RandomForestOpt1,0.9996544961608463,0.998338452222148,0.5686917719806697,0.5375388888888855,13.815232739953105
P4,LinearRegression,0.9874377271477518,0.9617334341735276,2.724643784486456,2.639248453776042,13.92257918109033
P4,RandomForest,0.9996292729749547,0.7094133281077297,7.5082345726542155,7.434593333333337,14.744211447561373
P4,GradientBoosting,0.9559244146533777,0.7418847419975383,7.07630960143756,7.005770259311396,13.394453757213837
P4,MLP,0.987223600635229,0.9733089150583462,2.275532803764329,1.756111028373245,13.558828917457678
P4,RandomForestOpt1,0.9996534009121808,0.7208969453816911,7.3583811844121865,7.284620000000015,14.765942419396493
P40,LinearRegression,0.9875118775210516,0.8643716625369926,5.143454182930486,5.059997395833332,13.91984366604405
P40,RandomForest,0.9996308821161222,0.9951297856521656,0.9746612373879722,0.8712433333333276,13.76989176087574
P40,GradientBoosting,0.9570155173964514,0.9054474157337092,4.294537092006802,3.9988301152993384,13.214838781687037
P40,MLP,0.9870004389799063,0.987237572530804,1.5777794670863532,1.323509870101062,13.903527422624977
P40,RandomForestOpt1,0.9996525906329705,0.9953341534083677,0.9539923326231312,0.8607300000000098,13.84060411695414
P41,LinearRegression,0.9875043193670313,0.9388718928373614,3.4436046471726174,3.3719186197916655,13.923657175390073
P41,RandomForest,0.9996387596058008,0.9987406637161624,0.4942693375073956,0.4064199999999992,13.995327900276816
P41,GradientBoosting,0.9576148948453036,0.9923568139121152,1.2176711820013246,0.9605014435435287,13.177996841482996
P41,MLP,0.9860217397310047,0.9950032941954203,0.9845430281277723,0.796752201295969,13.718973518751755
P41,RandomForestOpt1,0.9996570703497001,0.9987882477020437,0.48484144533147755,0.3927488888888922,13.922951320691702
P42,LinearRegression,0.9875097247362822,0.9734749501592512,2.2688913108439035,2.1727126464843756,13.917709436668455
P42,RandomForest,0.9996351940415551,0.9802658074269844,1.9570200204222068,1.9507033333333335,13.937967710740882
P42,GradientBoosting,0.9570363913124287,0.9536505127843482,2.9992181421856396,2.7586401787838923,12.977215385966659
P42,MLP,0.986886344763616,0.9939059113650629,1.0875268068448907,0.8677602231378538,13.806786752850634
P42,RandomForestOpt1,0.9996529895067654,0.9795953886823304,1.9899847616669508,1.985070000000001,13.943662506198539
P43,LinearRegression,0.9875234521502653,0.6613107548330313,8.110884458058171,8.083683797200523,13.917664018351916
P43,RandomForest,0.9996365047188651,0.988294690095799,1.5078528802019568,1.472590000000001,14.138673003747561
P43,GradientBoosting,0.9575747679272084,0.9921643407913886,1.2336878322056979,0.9687724316111499,13.100324488322421
P43,MLP,0.9873805005243063,0.9849666521218726,1.708816250352326,1.499293274222689,14.124648292216568
P43,RandomForestOpt1,0.9996578151211825,0.9887261653610288,1.4798010867705884,1.4352766666666665,14.186152586858823
P44,LinearRegression,0.9875776605334797,-0.592913280777611,17.5854940493875,17.573081380208333,13.918623686374666
P44,RandomForest,0.9996375866048571,0.9995029187411366,0.3106506038408205,0.22703666666666714,14.085420394889416
P44,GradientBoosting,0.9572916145597717,0.9833592216439409,1.7974024338595451,1.4729234515703846,13.28507236850049
P44,MLP,0.9869734778403784,0.8908909012449568,4.602449072685386,4.52493350522681,14.00123851634743
P44,RandomForestOpt1,0.9996565749264645,0.999650648315006,0.26042935090887803,0.20195555555555816,14.056053792164343
P45,LinearRegression,0.9875952111713298,-0.4096458271715222,16.543776945834125,16.530734537760416,13.918498516927457
P45,RandomForest,0.9996374325657799,0.9970389891946189,0.7582277188725477,0.7182100000000005,13.955155765626554
P45,GradientBoosting,0.9572927604857311,0.9919897808532199,1.2471016674095097,0.9342170996496062,13.092657224664162
P45,MLP,0.9861614420274094,0.9046967042527653,4.301635630288328,4.162560835251616,14.329775966346121
P45,RandomForestOpt1,0.9996570246827523,0.9968355381807572,0.7838439145457303,0.7529622222222238,13.983609501478231
P46,LinearRegression,0.9874938491224704,-1590008574797533.8,556098534.5586927,556098534.5586927,13.917568548591838
P46,RandomForest,0.9996407127194845,0.9945441049197513,1.0301133662531199,0.9436066666666683,14.051377519871691
P46,GradientBoosting,0.9570009662525251,0.9809541600653431,1.9246514111132664,1.46499284590089,12.990021136160154
P46,MLP,0.9830825545323916,0.9489485877304912,3.151054377173546,3.0132691396071394,13.717947562898734
P46,RandomForestOpt1,0.9996573621290433,0.994097234031462,1.071469467099247,0.9888477777777879,14.003389846040807
P5,LinearRegression,0.9874737572978973,0.9824405940842073,1.8467597411673646,1.7282670084635412,13.912910885316858
P5,RandomForest,0.9996312150119073,0.9959452890667442,0.8874327221447952,0.7723833333333266,14.03502872231909
P5,GradientBoosting,0.9575415031269487,0.9819315091000461,1.8733392389488088,1.6701438892262455,13.150385255219202
P5,MLP,0.9886869929420506,0.9912083454809785,1.30674484656255,1.0215670483871409,14.293828575255908
P5,RandomForestOpt1,0.9996542477315989,0.9973008198525197,0.7240547796955658,0.6453999999999983,14.031719308257571
P6,LinearRegression,0.9874904544185905,0.9842418868062455,1.74945232529279,1.6203413085937504,13.913866733756695
P6,RandomForest,0.9996300671016872,0.9953468706323336,0.9506541919471377,0.8868333333333323,13.701834759071097
P6,GradientBoosting,0.9564518058072399,0.9916281913601904,1.2751452293931174,1.0787699648626377,13.357791578214238
P6,MLP,0.9865328594410547,0.9815936121729648,1.8907507801946963,1.737702017206268,13.49692672037409
P6,RandomForestOpt1,0.99965238751755,0.9952239170139289,0.9631322741739943,0.931135555555565,13.957807540634814
P7,LinearRegression,0.9873978537612167,0.9970585367861721,0.7552990699676778,0.5847229817708335,13.918069893421315
P7,RandomForest,0.9996344097757683,0.7593359128824821,6.831921745063148,6.81298666666667,13.596165353079027
P7,GradientBoosting,0.9574957535433085,0.3569939850538575,11.167211898287196,11.127451037051978,13.354716809475534
P7,MLP,0.986935355155909,0.9574155609510717,2.8738407896345173,2.613705322305204,14.210408423220592
P7,RandomForestOpt1,0.9996516941730231,0.7499974583581006,6.963209328771914,6.948482222222216,13.697750291280583
P8,LinearRegression,0.9874907341019443,0.9160941496206656,4.037270755860402,3.982388509114584,13.917604594461089
P8,RandomForest,0.9996339201949392,0.6107870849082316,8.695316124711432,8.621379999999997,13.021799897088808
P8,GradientBoosting,0.9566266666507713,0.9925022502668623,1.2068609197836233,1.011799231349723,13.617379705310105
P8,MLP,0.9874024366282205,0.9801878622998397,1.9618121648892557,1.790523212778856,13.67274647690849
P8,RandomForestOpt1,0.9996553478780634,0.6218267146742886,8.571112145865298,8.489889999999978,12.943714891122928
P9,LinearRegression,0.9875135122965929,0.8599764417627414,5.217265740307067,5.169288806279501,13.917775545016717
P9,RandomForest,0.999633156816463,0.9340110185450615,3.5816085299764415,3.562246666666668,13.822279167144933
P9,GradientBoosting,0.9568175394173748,0.9194502182452274,3.9570777835982405,3.781417000938285,13.31324981662846
P9,MLP,0.9872455442803956,0.9883413786526941,1.50544884166458,1.2013126197831938,13.85127114553919
P9,RandomForestOpt1,0.9996525082582274,0.9330552078676144,3.6074539993114523,3.5920077777777832,13.88710619499834
PEL,LinearRegression,0.9874243119922386,-4.731580548348584,43.33287000414239,43.26757928651752,18.830415196984678
PEL,RandomForest,0.9996086969647415,0.9926086538378288,1.5561162039163103,1.228416666666666,18.29908879657788
PEL,GradientBoosting,0.9552740355227178,0.8766871667182667,6.356007370189125,4.854686704124026,15.981862595055276
PEL,MLP,0.9858567185468866,0.8862088460683998,6.10568654595844,5.507463889579674,18.135988578837146
PEL,RandomForestOpt1,0.9996254849975602,0.9895792526945828,1.8476924589248271,1.508096363636366,18.31485908993193
PEO,LinearRegression,0.9873099658117933,-4.7456871139637755,43.77468698933592,43.73737156353575,18.632977375735237
PEO,RandomForest,0.9996125829776225,0.9944468772496161,1.3608827209505663,0.8176836363636364,18.510224301253924
PEO,GradientBoosting,0.9563859386011686,0.9476046690764401,4.180212474723819,2.8632243922912313,16.397304512352775
PEO,MLP,0.9824231588769309,0.975839063929013,2.8386309996714423,1.9584485118492956,18.578818200172233
PEO,RandomForestOpt1,0.9996275208655454,0.9943921276246919,1.367574907838259,0.8133378787878824,18.511507829836752
PET,LinearRegression,0.9871951902969531,-15.650935939129354,78.78770556635716,78.77148910984849,18.74249432225546
PET,RandomForest,0.9996238561973535,0.9972780992226851,1.00733812956362,0.8507806060606083,19.278281985313143
PET,GradientBoosting,0.9573818513578795,0.92987902755397,5.112850491939624,3.7918650329523156,16.558671800041648
PET,MLP,0.9857047505046368,0.9820700908641076,2.585402548799275,1.82096641258206,18.56245024905777
PET,RandomForestOpt1,0.9996370711246045,0.9973083493479743,1.0017249120731733,0.8503884848484821,19.275621852043976
PUL,LinearRegression,0.9875325354057553,-8.634883489028303,58.78752057719238,58.74754361979167,18.667826361701888
PUL,RandomForest,0.9996167128912193,0.9955008048231511,1.270367360326067,0.8813236363636379,18.98754713919585
PUL,GradientBoosting,0.958329477752783,0.9321171073168866,4.934487809704581,3.7667062166374596,16.45641794151556
PUL,MLP,0.985789375578564,0.9795747062532824,2.706737037732459,2.076574551822021,18.515392121702526
PUL,RandomForestOpt1,0.9996315170912293,0.995618126001649,1.2536948814058781,0.8643042424242466,19.023503770238705
ROS,LinearRegression,0.9873105120959565,-7.652773067874355,52.24123831834427,52.20709418094519,18.202585659086026
ROS,RandomForest,0.9996105674614425,0.9923577162119375,1.5525564016105224,0.9292121212121192,17.97784084018509
ROS,GradientBoosting,0.9566305423657567,0.9428716879024479,4.244841731511532,3.1885928078834227,16.171911409860055
ROS,MLP,0.9860916991150971,0.9822764809578735,2.364344651023532,1.876650944046183,17.552760590428058
ROS,RandomForestOpt1,0.9996294067211289,0.9925000797486766,1.538027598830498,0.9203845454545424,17.961574043968096
